UEMoe,https://www.uemoe.com/
Pixiv,https://www.pixiv.net/
JMComic,https://jmcomic.ltd
OurMoe,https://www.ourmoe.me
Iwara,https://www.iwara.tv
Pornhub,https://cn.pornhub.com/
Xvideos,https://www.xvideos.com/
rule34video,https://rule34video.com
SpankBang,https://spankbang.com
Danbooru,https://danbooru.donmai.us
nhentai,https://nhentai.net/
hitomi,https://hitomi.la/
asmhentai,http://asmhentai.com/
tsumino,http://www.tsumino.com/
Pururin,https://pururin.io/
E-Hentai,https://e-hentai.org/
EXHentai,https://exhentai.org/
8muses,https://www.8muses.com/
doujins,https://doujins.com
luscious,https://www.luscious.net/
porncomixonline,https://www.porncomixonline.net
hbrowse,https://www.hbrowse.com
hentai2read,https://hentai2read.com
hentaifox,https://hentaifox.com
myreadingmanga,https://myreadingmanga.info
manhwahentai,https://manhwahentai.me
imhentai,https://imhentai.com
toonily,https://toonily.com
allporncomic,https://allporncomic.com
rule34,https://rule34.xxx
kemono,https://kemono.su
Wallpaper Engine,https://steamcommunity.com/app/431960/workshop/
